{
  "items": [
    {
      "type": "file",
      "title": "To Process",
      "path": "Computed/To Process.md"
    },
    {
      "type": "file",
      "title": "Tasks",
      "path": "Computed/Tasks.md"
    },
    {
      "type": "file",
      "title": "Trackers",
      "path": "Computed/Trackers.md"
    },
    {
      "type": "file",
      "title": "README",
      "path": "README.md"
    },
    {
      "type": "file",
      "title": "Hotkeys",
      "path": "_tutorial/Hotkeys.md"
    },
    {
      "type": "file",
      "title": "CRM",
      "path": "Computed/CRM.md"
    }
  ]
}