{
  "minimal-style@@h4-variant": "normal",
  "minimal-style@@h5-variant": "normal",
  "minimal-style@@h6-variant": "normal",
  "minimal-advanced@@styled-scrollbars": false,
  "sanctum@@dark-mode-palette": "sanctum-true-black",
  "sanctum@@light-mode-palette": "sanctum-moss",
  "sanctum@@color-accent-d": "70 153 106",
  "sanctum@@no-blur": false,
  "sanctum@@heading-clr": true,
  "sanctum@@heading-clr-bg": true,
  "sanctum@@color-heading-1-d": "rgb(235, 84, 108)",
  "sanctum@@color-heading-2-d": "rgb(214, 108, 30)",
  "sanctum@@color-heading-3-d": "rgb(70, 153, 106)",
  "sanctum@@color-heading-4-d": "rgb(102, 142, 165)",
  "sanctum@@color-heading-5-d": "rgb(132, 132, 188)",
  "sanctum@@color-heading-6-d": "rgb(132, 132, 188)",
  "sanctum@@note-title-left": true,
  "sanctum@@show-vault-name": false,
  "sanctum@@heading-1": "2rem",
  "sanctum@@heading-2": "1.75rem",
  "sanctum@@heading-3": "1.5rem",
  "minimal-style@@h1-size": "2em",
  "minimal-style@@h2-size": "1.5em",
  "minimal-style@@h3-size": "1.25em",
  "minimal-style@@h4-size": "1.125em",
  "minimal-style@@h5-size": "1em",
  "minimal-style@@h6-size": "0.95em",
  "anuppuccin-theme-settings@@anuppuccin-theme-dark": "ctp-mocha-old",
  "anuppuccin-theme-settings@@anuppuccin-theme-accents": "ctp-accent-flamingo",
  "anuppuccin-theme-settings-extended@@anp-theme-ext-light": false,
  "anuppuccin-theme-settings-extended@@anp-theme-ext-dark": false,
  "anuppuccin-theme-settings-extended@@catppuccin-theme-dark-extended": "ctp-royal-velvet",
  "anuppuccin-theme-settings-extended@@catppuccin-theme-extended": "ctp-atom-light",
  "anuppuccin-theme-settings@@anuppuccin-theme-light": "ctp-rosepine-light",
  "anuppuccin-theme-settings@@anuppuccin-light-theme-accents": "ctp-accent-light-flamingo",
  "anuppuccin-theme-settings@@anp-active-line": "anp-current-line",
  "anuppuccin-theme-settings@@anp-callout-select": "anp-callout-block",
  "anuppuccin-theme-settings@@anp-callout-color-toggle": true,
  "anuppuccin-theme-settings@@anp-custom-checkboxes": true,
  "anuppuccin-theme-settings@@anp-speech-bubble": true,
  "anuppuccin-theme-settings@@anp-codeblock-numbers": true,
  "anuppuccin-theme-settings@@anp-list-toggle": true,
  "anuppuccin-theme-settings@@anp-table-toggle": true,
  "anuppuccin-theme-settings@@anp-table-width": true,
  "anuppuccin-theme-settings@@anp-table-auto": true,
  "anuppuccin-theme-settings@@anp-color-transition-toggle": true,
  "anuppuccin-theme-settings@@anp-button-metadata-toggle": true,
  "anuppuccin-theme-settings@@anp-header-color-toggle": true,
  "anuppuccin-theme-settings@@anp-header-margin-toggle": false,
  "anuppuccin-theme-settings@@anp-italic-custom": "anp-italic-lavender",
  "anuppuccin-theme-settings@@anp-colorful-frame": false,
  "anuppuccin-theme-settings@@anp-colorful-frame-icon-toggle-light": false,
  "anuppuccin-theme-settings@@anp-collapse-folders": false,
  "anuppuccin-theme-settings@@anp-file-icons": false,
  "anuppuccin-theme-settings@@anp-floating-header": false,
  "anuppuccin-theme-settings@@anp-file-label-align": "0",
  "anuppuccin-theme-settings@@anp-alt-tab-style": "anp-default-tab",
  "anuppuccin-theme-settings@@anp-depth-tab-text-invert": false,
  "anuppuccin-theme-settings@@anp-layout-select": "anp-card-layout",
  "anuppuccin-theme-settings@@anp-bg-fix": false,
  "anuppuccin-theme-settings@@anp-disable-borders": false,
  "anuppuccin-theme-settings@@anp-card-shadows": false,
  "anuppuccin-theme-settings@@anp-card-layout-actions": false,
  "anuppuccin-theme-settings@@anp-card-layout-filebrowser": false,
  "anuppuccin-theme-settings@@anp-alt-rainbow-style": "anp-simple-rainbow-color-toggle",
  "anuppuccin-theme-settings@@anp-simple-rainbow-title-toggle": true,
  "anuppuccin-theme-settings@@anp-simple-rainbow-icon-folder-toggle": false,
  "anuppuccin-theme-settings@@anp-simple-rainbow-indentation-toggle": false,
  "anuppuccin-theme-settings@@anp-simple-rainbow-collapse-toggle": true,
  "anuppuccin-theme-settings@@anp-simple-rainbow-icon-toggle": true,
  "anuppuccin-theme-settings@@anp-rainbow-subfolder-color-toggle": true,
  "anuppuccin-theme-settings@@callout-title-padding": 10,
  "anuppuccin-theme-settings-extended@@anp-theme-ext-amoled": false
}