{
  "collapse-filter": true,
  "search": "",
  "showTags": false,
  "showAttachments": false,
  "hideUnresolved": true,
  "showOrphans": true,
  "collapse-color-groups": true,
  "colorGroups": [
    {
      "query": "path:🌻References",
      "color": {
        "a": 1,
        "rgb": 16711680
      }
    },
    {
      "query": "path:\"🍀Permanent Notes\"",
      "color": {
        "a": 1,
        "rgb": 65322
      }
    },
    {
      "query": "path:Readwise/Articles",
      "color": {
        "a": 1,
        "rgb": 15138739
      }
    },
    {
      "query": "path:☀️Reflect",
      "color": {
        "a": 1,
        "rgb": 2303
      }
    }
  ],
  "collapse-display": true,
  "showArrow": true,
  "textFadeMultiplier": -0.4,
  "nodeSizeMultiplier": 1.20048899755501,
  "lineSizeMultiplier": 1.06904645476773,
  "collapse-forces": true,
  "centerStrength": 0.518713248970312,
  "repelStrength": 10,
  "linkStrength": 1,
  "linkDistance": 250,
  "scale": 0.2292013594174966,
  "close": false
}