{
  "obsidian-book-search-plugin:open-book-search-modal": [
    {
      "modifiers": [
        "Alt"
      ],
      "key": "B"
    }
  ],
  "app:delete-file": [
    {
      "modifiers": [
        "Alt"
      ],
      "key": "D"
    }
  ],
  "homepage:open-homepage": [
    {
      "modifiers": [
        "Alt"
      ],
      "key": "H"
    }
  ],
  "switcher:open": [
    {
      "modifiers": [
        "Alt"
      ],
      "key": "F"
    }
  ],
  "editor:toggle-blockquote": [
    {
      "modifiers": [
        "Mod"
      ],
      "key": "Q"
    }
  ],
  "app:toggle-left-sidebar": [
    {
      "modifiers": [
        "Mod"
      ],
      "key": "ArrowLeft"
    }
  ],
  "app:toggle-right-sidebar": [
    {
      "modifiers": [
        "Mod"
      ],
      "key": "ArrowRight"
    }
  ],
  "obsidian-kanban:convert-to-kanban": [
    {
      "modifiers": [
        "Alt"
      ],
      "key": "K"
    }
  ],
  "editor:open-link-in-new-leaf": []
}