{
  "editor:toggle-checklist-status": [],
  "editor:toggle-bullet-list": [
    {
      "modifiers": [
        "Mod"
      ],
      "key": "Enter"
    }
  ],
  "app:toggle-left-sidebar": [
    {
      "modifiers": [
        "Mod"
      ],
      "key": "/"
    }
  ],
  "app:toggle-right-sidebar": [
    {
      "modifiers": [
        "Mod"
      ],
      "key": "\\"
    }
  ],
  "editor:toggle-comments": [],
  "homepage:open-homepage": [
    {
      "modifiers": [
        "Alt"
      ],
      "key": "H"
    }
  ]
}