{
  "insert-current-time": [
    {
      "modifiers": [
        "Mod",
        "Shift"
      ],
      "key": "T"
    }
  ],
  "insert-current-date": [],
  "editor:insert-embed": [
    {
      "modifiers": [
        "Alt"
      ],
      "key": "E"
    }
  ],
  "daily-notes:goto-prev": [
    {
      "modifiers": [
        "Alt",
        "Mod"
      ],
      "key": "Y"
    }
  ],
  "daily-notes": [
    {
      "modifiers": [
        "Alt",
        "Mod"
      ],
      "key": "T"
    }
  ],
  "daily-notes:goto-next": [
    {
      "modifiers": [
        "Mod",
        "Shift"
      ],
      "key": "D"
    }
  ],
  "templater-obsidian:Templates/Assign to Folder.md": [
    {
      "modifiers": [
        "Alt",
        "Shift"
      ],
      "key": "F"
    }
  ],
  "templater-obsidian:Templates/Project Template.md": [
    {
      "modifiers": [
        "Alt",
        "Shift"
      ],
      "key": "P"
    }
  ]
}