{"workspaces":{"building-phase":{"main":{"id":"f2805298234882a9","type":"split","children":[{"id":"64a954f3a9d0557e","type":"leaf","state":{"type":"markdown","state":{"file":"_main_idea_note.md","mode":"source"}}}],"direction":"vertical"},"left":{"id":"93d57be48d94e8b4","type":"split","children":[{"id":"28ecdabe699524f6","type":"tabs","children":[{"id":"3b892a6a3a537f8f","type":"leaf","state":{"type":"file-explorer","state":{}}},{"id":"257ee3925c50a98f","type":"leaf","state":{"type":"search","state":{"query":"","matchingCase":false,"explainSearch":false,"collapseAll":false,"extraContext":false,"sortOrder":"alphabetical"}}}]}],"direction":"horizontal","width":300},"right":{"id":"60ca57ecc2f5aedd","type":"split","children":[{"id":"5b35d4677b1ed652","type":"tabs","children":[{"id":"467d6fec88001715","type":"leaf","state":{"type":"backlink","state":{"file":"_main_idea_note.md","collapseAll":false,"extraContext":false,"sortOrder":"alphabetical","showSearch":false,"searchQuery":"","backlinkCollapsed":false,"unlinkedCollapsed":true}}},{"id":"55c986e5eec7e504","type":"leaf","state":{"type":"outgoing-link","state":{"linksCollapsed":false,"unlinkedCollapsed":true}}}]}],"direction":"horizontal","width":300,"collapsed":true},"active":"64a954f3a9d0557e"}},"active":"building-phase"}