{
  "baseFontSize": 16,
  "theme": "obsidian",
  "cssTheme": "Blue Topaz",
  "enabledCssSnippets": [
    "【图标】预览网址加图标 - External Link Icons",
    "B - Heatmap",
    "【自定义】表格样式ableStyles",
    "absolve",
    "simple-task-prickly-tomato",
    "【link-card】",
    "test",
    "【日记】periodic日历",
    "custom-admonitions.c9c6cb",
    "【日记】Time",
    "【日记】timeline",
    "【天气】weather",
    "【图标】iconfont",
    "【自定义】表格样式TableStyles",
    "【自定义】彩色时钟样式",
    "【自定义】myhome 样式",
    "【自定义】mytools 样式",
    "【Linkcard】",
    "【Memos】Heatmap",
    "【Query】keep-live",
    "【卡片视图】cards",
    "【自定义】多彩进度条",
    "【卡片横版视图】cards2",
    "【Memos】Popover",
    "【图标】checkbox"
  ],
  "translucency": false,
  "textFontFamily": "",
  "monospaceFontFamily": "",
  "interfaceFontFamily": ""
}