{
  "collapse-filter": false,
  "search": "",
  "showTags": false,
  "showAttachments": false,
  "hideUnresolved": true,
  "showOrphans": false,
  "collapse-color-groups": true,
  "colorGroups": [],
  "collapse-display": false,
  "showArrow": false,
  "textFadeMultiplier": -0.2,
  "nodeSizeMultiplier": 0.981542056074766,
  "lineSizeMultiplier": 0.386214953271028,
  "collapse-forces": false,
  "centerStrength": 0.460280373831776,
  "repelStrength": 1.91442757009346,
  "linkStrength": 0.769230769230769,
  "linkDistance": 250,
  "scale": 0.1634837056722051,
  "close": true
}