{
  "markdown-table-editor:markdown-table-editor-open": [
    {
      "modifiers": [
        "Mod"
      ],
      "key": "T"
    }
  ],
  "obsidian-better-command-palette:open-better-commmand-palette": [
    {
      "modifiers": [
        "Mod",
        "Shift"
      ],
      "key": "\\"
    }
  ],
  "editor:insert-wikilink": [
    {
      "modifiers": [
        "Mod"
      ],
      "key": "L"
    }
  ],
  "markdown-table-editor:markdown-table-editor-open-in-popover": [
    {
      "modifiers": [
        "Mod"
      ],
      "key": "T"
    }
  ],
  "obsidian-baozhuang:mode-preview": [
    {
      "modifiers": [
        "Mod"
      ],
      "key": "Q"
    }
  ],
  "multi-color-preview:mode-preview": [],
  "obsidian-version-history-diff:open-recovery-diff-view": [
    {
      "modifiers": [
        "Mod"
      ],
      "key": "R"
    }
  ],
  "editor:cycle-list-checklist": [
    {
      "modifiers": [
        "Mod"
      ],
      "key": "Enter"
    }
  ],
  "table-editor-obsidian:table-control-bar": [
    {
      "modifiers": [
        "Mod",
        "Shift"
      ],
      "key": "D"
    }
  ],
  "editor:toggle-numbered-list": [],
  "editor:toggle-checklist-status": [],
  "obsidian-regex-replace:obsidian-regex-replace": [],
  "editor:toggle-blockquote": [
    {
      "modifiers": [
        "Mod"
      ],
      "key": "Y"
    }
  ],
  "editor:toggle-code": [
    {
      "modifiers": [
        "Alt",
        "Mod"
      ],
      "key": "D"
    }
  ],
  "obsidian-hover-editor:convert-active-pane-to-popover": [
    {
      "modifiers": [
        "Mod",
        "Shift"
      ],
      "key": "V"
    }
  ],
  "markdown-prettifier:markdown-prettifier-run": [
    {
      "modifiers": [
        "Mod"
      ],
      "key": "S"
    }
  ],
  "omnisearch:show-modal": [
    {
      "modifiers": [
        "Mod"
      ],
      "key": "O"
    }
  ]
}