{
  "workspaces": {
    "Home": {
      "main": {
        "id": "e8b4ea94b39a8520",
        "type": "split",
        "children": [
          {
            "id": "df52f255a6e17ba0",
            "type": "leaf",
            "state": {
              "type": "markdown",
              "state": {
                "file": "BT_Example/88-Template/home.md",
                "mode": "preview",
                "backlinks": false,
                "source": false
              }
            }
          }
        ],
        "direction": "vertical"
      },
      "left": {
        "id": "687357708cbc920f",
        "type": "split",
        "children": [
          {
            "id": "4bc1edcafd063cfb",
            "type": "tabs",
            "dimension": 54.46650124069479,
            "children": [
              {
                "id": "37c8f55a8ef7a09c",
                "type": "leaf",
                "state": {
                  "type": "file-explorer",
                  "state": {}
                }
              },
              {
                "id": "b3290ae399933a0b",
                "type": "leaf",
                "state": {
                  "type": "search",
                  "state": {
                    "query": "",
                    "matchingCase": false,
                    "explainSearch": false,
                    "collapseAll": false,
                    "extraContext": false,
                    "sortOrder": "alphabetical"
                  }
                }
              },
              {
                "id": "3d21402f76dc34c3",
                "type": "leaf",
                "state": {
                  "type": "starred",
                  "state": {}
                }
              }
            ]
          },
          {
            "id": "d877e8285f98a38a",
            "type": "tabs",
            "dimension": 45.53349875930521,
            "children": [
              {
                "id": "b37bc3d287f74512",
                "type": "leaf",
                "state": {
                  "type": "recent-files",
                  "state": {}
                }
              },
              {
                "id": "80430a4f104c0c57",
                "type": "leaf",
                "state": {
                  "type": "graph",
                  "state": {}
                }
              },
              {
                "id": "5ee52b332527fc75",
                "type": "leaf",
                "state": {
                  "type": "memos_view",
                  "state": {}
                }
              }
            ]
          }
        ],
        "direction": "horizontal",
        "width": 255
      },
      "right": {
        "id": "4e390742ffc29613",
        "type": "split",
        "children": [
          {
            "id": "d4c25b22f0c7d5f0",
            "type": "tabs",
            "dimension": 41.33165829145729,
            "children": [
              {
                "id": "ca4e910af4602420",
                "type": "leaf",
                "state": {
                  "type": "calendar",
                  "state": {}
                }
              },
              {
                "id": "340969ccd24905e8",
                "type": "leaf",
                "state": {
                  "type": "outline",
                  "state": {
                    "file": "BT_Example/88-Template/home.md"
                  }
                }
              }
            ]
          },
          {
            "id": "0b3485207df574dd",
            "type": "tabs",
            "dimension": 58.66834170854271,
            "children": [
              {
                "id": "041c78328387b373",
                "type": "leaf",
                "state": {
                  "type": "backlink",
                  "state": {
                    "file": "BT_Example/88-Template/home.md",
                    "collapseAll": false,
                    "extraContext": false,
                    "sortOrder": "alphabetical",
                    "showSearch": false,
                    "searchQuery": "",
                    "backlinkCollapsed": false,
                    "unlinkedCollapsed": true
                  }
                }
              },
              {
                "id": "dc4a81bfd6624166",
                "type": "leaf",
                "state": {
                  "type": "outgoing-link",
                  "state": {
                    "file": "BT_Example/88-Template/home.md",
                    "linksCollapsed": false,
                    "unlinkedCollapsed": true
                  }
                }
              },
              {
                "id": "b2ae90cb6049dbe9",
                "type": "leaf",
                "state": {
                  "type": "tag",
                  "state": {
                    "sortOrder": "frequency",
                    "useHierarchy": true
                  }
                }
              },
              {
                "id": "fc371ae36bc5eac7",
                "type": "leaf",
                "state": {
                  "type": "markdown",
                  "state": {
                    "file": "BT_Example/88-Template/常用工具.md",
                    "mode": "preview",
                    "backlinks": false,
                    "source": false
                  }
                }
              }
            ],
            "currentTab": 3
          }
        ],
        "direction": "horizontal",
        "width": 265
      },
      "active": "df52f255a6e17ba0"
    },
    "Diary": {
      "main": {
        "id": "e8b4ea94b39a8520",
        "type": "split",
        "children": [
          {
            "id": "528a5dbf77ea4243",
            "type": "leaf",
            "state": {
              "type": "markdown",
              "state": {
                "file": "BT_Example/00-Tips/🥑Blue Topaz Themes Tips.md",
                "mode": "source",
                "backlinks": false,
                "source": false
              }
            }
          }
        ],
        "direction": "vertical"
      },
      "left": {
        "id": "687357708cbc920f",
        "type": "split",
        "children": [
          {
            "id": "4bc1edcafd063cfb",
            "type": "tabs",
            "dimension": 59.27770859277709,
            "children": [
              {
                "id": "37c8f55a8ef7a09c",
                "type": "leaf",
                "state": {
                  "type": "file-explorer",
                  "state": {}
                }
              },
              {
                "id": "b3290ae399933a0b",
                "type": "leaf",
                "state": {
                  "type": "search",
                  "state": {
                    "query": "",
                    "matchingCase": false,
                    "explainSearch": false,
                    "collapseAll": false,
                    "extraContext": false,
                    "sortOrder": "alphabetical"
                  }
                }
              },
              {
                "id": "3d21402f76dc34c3",
                "type": "leaf",
                "state": {
                  "type": "starred",
                  "state": {}
                }
              }
            ]
          },
          {
            "id": "81a04b2aa5e12243",
            "type": "tabs",
            "dimension": 40.72229140722292,
            "children": [
              {
                "id": "81d2c4c87a745c7a",
                "type": "leaf",
                "state": {
                  "type": "localgraph",
                  "state": {
                    "file": "BT_Example/00-Tips/🥑Blue Topaz Themes Tips.md",
                    "options": {
                      "collapse-filter": true,
                      "search": "",
                      "localJumps": 1,
                      "localBacklinks": true,
                      "localForelinks": true,
                      "localInterlinks": false,
                      "showTags": false,
                      "showAttachments": false,
                      "hideUnresolved": false,
                      "collapse-color-groups": true,
                      "colorGroups": [],
                      "collapse-display": true,
                      "showArrow": false,
                      "textFadeMultiplier": 0,
                      "nodeSizeMultiplier": 1,
                      "lineSizeMultiplier": 1,
                      "collapse-forces": true,
                      "centerStrength": 0.518713248970312,
                      "repelStrength": 10,
                      "linkStrength": 1,
                      "linkDistance": 250,
                      "scale": 1,
                      "close": true
                    }
                  }
                }
              },
              {
                "id": "fcdb389a6722ebae",
                "type": "leaf",
                "state": {
                  "type": "recent-files",
                  "state": {}
                }
              }
            ],
            "currentTab": 1
          }
        ],
        "direction": "horizontal",
        "width": 232
      },
      "right": {
        "id": "4e390742ffc29613",
        "type": "split",
        "children": [
          {
            "id": "d4c25b22f0c7d5f0",
            "type": "tabs",
            "dimension": 51.50375939849624,
            "children": [
              {
                "id": "ca4e910af4602420",
                "type": "leaf",
                "state": {
                  "type": "calendar",
                  "state": {}
                }
              },
              {
                "id": "340969ccd24905e8",
                "type": "leaf",
                "state": {
                  "type": "outline",
                  "state": {
                    "file": "BT_Example/00-Tips/🥑Blue Topaz Themes Tips.md"
                  }
                }
              },
              {
                "id": "c8a604062090b912",
                "type": "leaf",
                "state": {
                  "type": "memos_view",
                  "state": {}
                }
              }
            ],
            "currentTab": 2
          },
          {
            "id": "0b3485207df574dd",
            "type": "tabs",
            "dimension": 48.49624060150376,
            "children": [
              {
                "id": "041c78328387b373",
                "type": "leaf",
                "state": {
                  "type": "backlink",
                  "state": {
                    "file": "BT_Example/00-Tips/🥑Blue Topaz Themes Tips.md",
                    "collapseAll": false,
                    "extraContext": false,
                    "sortOrder": "alphabetical",
                    "showSearch": false,
                    "searchQuery": "",
                    "backlinkCollapsed": false,
                    "unlinkedCollapsed": true
                  }
                }
              },
              {
                "id": "dc4a81bfd6624166",
                "type": "leaf",
                "state": {
                  "type": "outgoing-link",
                  "state": {
                    "file": "BT_Example/00-Tips/🥑Blue Topaz Themes Tips.md",
                    "linksCollapsed": false,
                    "unlinkedCollapsed": true
                  }
                }
              },
              {
                "id": "b2ae90cb6049dbe9",
                "type": "leaf",
                "state": {
                  "type": "tag",
                  "state": {
                    "sortOrder": "frequency",
                    "useHierarchy": true
                  }
                }
              }
            ],
            "currentTab": 2
          }
        ],
        "direction": "horizontal",
        "width": 360
      },
      "active": "528a5dbf77ea4243"
    },
    "kanban": {
      "main": {
        "id": "e8b4ea94b39a8520",
        "type": "split",
        "children": [
          {
            "id": "528a5dbf77ea4243",
            "type": "leaf",
            "state": {
              "type": "kanban",
              "state": {
                "file": "20-Diary/任务看板.md"
              }
            }
          }
        ],
        "direction": "vertical"
      },
      "left": {
        "id": "687357708cbc920f",
        "type": "split",
        "children": [
          {
            "id": "4bc1edcafd063cfb",
            "type": "tabs",
            "dimension": 61.33828996282527,
            "children": [
              {
                "id": "37c8f55a8ef7a09c",
                "type": "leaf",
                "state": {
                  "type": "file-explorer",
                  "state": {}
                }
              },
              {
                "id": "b3290ae399933a0b",
                "type": "leaf",
                "state": {
                  "type": "search",
                  "state": {
                    "query": "",
                    "matchingCase": false,
                    "explainSearch": false,
                    "collapseAll": false,
                    "extraContext": false,
                    "sortOrder": "alphabetical"
                  }
                }
              },
              {
                "id": "3d21402f76dc34c3",
                "type": "leaf",
                "state": {
                  "type": "starred",
                  "state": {}
                }
              }
            ]
          },
          {
            "id": "e1b59eaac11b55b3",
            "type": "tabs",
            "dimension": 38.66171003717472,
            "children": [
              {
                "id": "796ade3906f5d64a",
                "type": "leaf",
                "state": {
                  "type": "recent-files",
                  "state": {}
                }
              }
            ]
          }
        ],
        "direction": "horizontal",
        "width": 300
      },
      "right": {
        "id": "4e390742ffc29613",
        "type": "split",
        "children": [
          {
            "id": "d4c25b22f0c7d5f0",
            "type": "tabs",
            "dimension": 35.21303258145363,
            "children": [
              {
                "id": "ca4e910af4602420",
                "type": "leaf",
                "state": {
                  "type": "calendar",
                  "state": {}
                }
              },
              {
                "id": "340969ccd24905e8",
                "type": "leaf",
                "state": {
                  "type": "outline",
                  "state": {
                    "file": "20-Diary/任务看板.md"
                  }
                }
              },
              {
                "id": "86f7939b217614a2",
                "type": "leaf",
                "state": {
                  "type": "memos_view",
                  "state": {}
                }
              }
            ],
            "currentTab": 1
          },
          {
            "id": "0b3485207df574dd",
            "type": "tabs",
            "dimension": 64.78696741854637,
            "children": [
              {
                "id": "041c78328387b373",
                "type": "leaf",
                "state": {
                  "type": "backlink",
                  "state": {
                    "file": "20-Diary/任务看板.md",
                    "collapseAll": false,
                    "extraContext": false,
                    "sortOrder": "alphabetical",
                    "showSearch": false,
                    "searchQuery": "",
                    "backlinkCollapsed": false,
                    "unlinkedCollapsed": true
                  }
                }
              },
              {
                "id": "dc4a81bfd6624166",
                "type": "leaf",
                "state": {
                  "type": "outgoing-link",
                  "state": {
                    "file": "20-Diary/任务看板.md",
                    "linksCollapsed": false,
                    "unlinkedCollapsed": true
                  }
                }
              },
              {
                "id": "9b181782551fdb19",
                "type": "leaf",
                "state": {
                  "type": "todo",
                  "state": {}
                }
              },
              {
                "id": "b2ae90cb6049dbe9",
                "type": "leaf",
                "state": {
                  "type": "tag",
                  "state": {
                    "sortOrder": "frequency",
                    "useHierarchy": true
                  }
                }
              }
            ],
            "currentTab": 3
          }
        ],
        "direction": "horizontal",
        "width": 273
      },
      "active": "37c8f55a8ef7a09c"
    }
  },
  "active": "Home"
}