{
  "main": {
    "id": "e5ccb1cf1832979f",
    "type": "split",
    "children": [
      {
        "id": "16ecdd0c53a4927d",
        "type": "tabs",
        "children": [
          {
            "id": "ea65161bb560382e",
            "type": "leaf",
            "state": {
              "type": "markdown",
              "state": {
                "file": "Readme.md",
                "mode": "preview",
                "source": true
              }
            }
          },
          {
            "id": "0233d1251a1478de",
            "type": "leaf",
            "state": {
              "type": "markdown",
              "state": {
                "file": "material/doi2bib.md",
                "mode": "preview",
                "source": true
              }
            }
          },
          {
            "id": "b550313cb6cb6e6e",
            "type": "leaf",
            "state": {
              "type": "markdown",
              "state": {
                "file": "container/thread/AI papers.md",
                "mode": "preview",
                "source": true
              }
            }
          },
          {
            "id": "6053b8eebebbd318",
            "type": "leaf",
            "state": {
              "type": "markdown",
              "state": {
                "file": "content/paper/ZhangLiYing2024.md",
                "mode": "preview",
                "source": true
              }
            }
          },
          {
            "id": "039d27b3050eb3a4",
            "type": "leaf",
            "state": {
              "type": "markdown",
              "state": {
                "file": "content/paper/RumelhartDavid1986.md",
                "mode": "preview",
                "source": true
              }
            }
          }
        ]
      }
    ],
    "direction": "vertical"
  },
  "left": {
    "id": "12d3dd5cc71ff7b4",
    "type": "split",
    "children": [
      {
        "id": "b93bfc4f1b96df72",
        "type": "tabs",
        "children": [
          {
            "id": "b8f49dcaea4dae9f",
            "type": "leaf",
            "state": {
              "type": "file-explorer",
              "state": {
                "sortOrder": "alphabetical"
              }
            }
          },
          {
            "id": "0986e053ad39d673",
            "type": "leaf",
            "state": {
              "type": "search",
              "state": {
                "query": "",
                "matchingCase": false,
                "explainSearch": false,
                "collapseAll": false,
                "extraContext": false,
                "sortOrder": "alphabetical"
              }
            }
          },
          {
            "id": "5a97a6960d2095b3",
            "type": "leaf",
            "state": {
              "type": "bookmarks",
              "state": {}
            }
          }
        ]
      }
    ],
    "direction": "horizontal",
    "width": 300
  },
  "right": {
    "id": "c3549c096d77a80b",
    "type": "split",
    "children": [
      {
        "id": "c20de2d9abd6cd35",
        "type": "tabs",
        "children": [
          {
            "id": "c3bac763533a524e",
            "type": "leaf",
            "state": {
              "type": "backlink",
              "state": {
                "file": "Readme.md",
                "collapseAll": false,
                "extraContext": false,
                "sortOrder": "alphabetical",
                "showSearch": false,
                "searchQuery": "",
                "backlinkCollapsed": false,
                "unlinkedCollapsed": true
              }
            }
          },
          {
            "id": "617f7cdbead27c15",
            "type": "leaf",
            "state": {
              "type": "outgoing-link",
              "state": {
                "file": "Readme.md",
                "linksCollapsed": false,
                "unlinkedCollapsed": true
              }
            }
          },
          {
            "id": "c70785febc23c47c",
            "type": "leaf",
            "state": {
              "type": "tag",
              "state": {
                "sortOrder": "frequency",
                "useHierarchy": true
              }
            }
          },
          {
            "id": "cd18bba2011f26ee",
            "type": "leaf",
            "state": {
              "type": "outline",
              "state": {
                "file": "Readme.md"
              }
            }
          },
          {
            "id": "bbdd6288ab553cd4",
            "type": "leaf",
            "state": {
              "type": "calendar",
              "state": {}
            }
          }
        ],
        "currentTab": 4
      }
    ],
    "direction": "horizontal",
    "width": 300
  },
  "left-ribbon": {
    "hiddenItems": {
      "switcher:Open quick switcher": false,
      "graph:Open graph view": false,
      "canvas:Create new canvas": false,
      "daily-notes:Open today's daily note": false,
      "templates:Insert template": false,
      "command-palette:Open command palette": false,
      "templater-obsidian:Templater": false
    }
  },
  "active": "ea65161bb560382e",
  "lastOpenFiles": [
    "obsidian-setup/figures/taglens.png.sb-e202d616-ttf9cy",
    "obsidian-setup/figures/dailylens-diary-thought.png.sb-e202d616-uKYgel",
    "obsidian-setup/figures/dailylens.png",
    "obsidian-setup/figures/paper-thread.png",
    "obsidian-setup/figures/taglens.png",
    "content/paper/ZhangLiYing2024.md",
    "obsidian-setup/figures/honey.jpeg",
    "obsidian-setup/figures/taglens-container-page.png",
    "obsidian-setup/figures/taglens-add-tag.png",
    "obsidian-setup/figures/taglens-add-link.png",
    "obsidian-setup/figures/paper-thread-thread-view.png",
    "obsidian-setup/figures/paper-thread-paper-card.png",
    "obsidian-setup/figures/paper-thread-linked-paper.png",
    "content/paper/RumelhartDavid1986.md",
    "Readme.md",
    "container/thread/AI papers.md",
    "material/doi2bib.md",
    "journal/diary/2024-07-22.md",
    "container/topic/AI.md",
    "content/note/What is AI?.md",
    "content/book/AI Book.md",
    "material/gallery/tutorial/dailylens/obsidian-setup-diary-page.png.md",
    "material/gallery/tutorial/dailylens",
    "material/gallery/tutorial",
    "material/gallery",
    "Welcome.md",
    "journal/quarter/Untitled.md",
    "journal/week/2024-W31.md",
    "journal/diary/2024-07-26.md",
    "obsidian-setup/templates/diary page.md",
    "obsidian-setup/templates/thread page.md",
    "obsidian-setup/templates/topic page.md",
    "obsidian-setup/templates/book page.md",
    "obsidian-setup/templates/project page.md",
    "obsidian-setup/templates/people page.md",
    "obsidian-setup/templates/paper page.md",
    "obsidian-setup/templates/course page.md",
    "obsidian-setup/templates/note page.md",
    "obsidian-setup/templates/week page.md",
    "obsidian-setup/templates/quarter page.md",
    "obsidian-setup/templates",
    "obsidian-setup/view/thread/view.js",
    "obsidian-setup/view/thread/view.css",
    "obsidian-setup/view/thread",
    "obsidian-setup/view/diary/view.css",
    "obsidian-setup/view/diary/view.js"
  ]
}