{"indexed": {"date-parts": [[2022, 3, 30]], "date-time": "2022-03-30T22:13:42Z", "timestamp": 1648678422458}, "reference-count": 33, "publisher": "American Chemical Society (ACS)", "issue": "7", "content-domain": {"domain": [], "crossmark-restriction": false}, "short-container-title": ["Anal. Chem."], "published-print": {"date-parts": [[2005, 4, 1]]}, "DOI": "10.1021/ac050035n", "type": "journal-article", "created": {"date-parts": [[2005, 3, 31]], "date-time": "2005-03-31T15:30:43Z", "timestamp": 1112283043000}, "page": "2235-2242", "source": "Crossref", "is-referenced-by-count": 103, "title": ["Comparison of Photophysical and Colloidal Properties of Biocompatible Semiconductor Nanocrystals Using Fluorescence Correlation Spectroscopy"], "prefix": "10.1021", "volume": "77", "author": [{"given": "S\u00f6ren", "family": "Doose", "sequence": "first", "affiliation": [{"name": "Department of Chemistry and Biochemistry and Department of Physiology, University of California at Los Angeles, Los Angeles, California 90095"}]}, {"given": "James M.", "family": "Tsay", "sequence": "additional", "affiliation": [{"name": "Department of Chemistry and Biochemistry and Department of Physiology, University of California at Los Angeles, Los Angeles, California 90095"}]}, {"given": "Fabien", "family": "Pinaud", "sequence": "additional", "affiliation": [{"name": "Department of Chemistry and Biochemistry and Department of Physiology, University of California at Los Angeles, Los Angeles, California 90095"}]}, {"given": "Shimon", "family": "Weiss", "sequence": "additional", "affiliation": [{"name": "Department of Chemistry and Biochemistry and Department of Physiology, University of California at Los Angeles, Los Angeles, California 90095"}]}], "member": "316", "published-online": {"date-parts": [[2005, 3, 4]]}, "reference": [{"key": "ac050035nb00001/ac050035nb00001_1", "doi-asserted-by": "crossref", "first-page": "2016", "DOI": "10.1126/science.281.5385.2013", "volume": "281", "author": "Bruchez M.", "year": "1998", "journal-title": "Science"}, {"key": "ac050035nb00002/ac050035nb00002_1", "first-page": "2018", "volume": "281", "author": "Chan W. C.", "year": "1998", "journal-title": "Science"}, {"key": "ac050035nb00003/ac050035nb00003_1", "doi-asserted-by": "crossref", "first-page": "276", "DOI": "10.1002/1438-5171(200112)2:4<261::AID-SIMO261>3.0.CO;2-P", "volume": "2", "author": "Michalet X.", "year": "2001", "journal-title": "Single Mol."}, {"key": "ac050035nb00004/ac050035nb00004_1", "doi-asserted-by": "crossref", "first-page": "52", "DOI": "10.1038/nbt927", "volume": "22", "author": "Alivisatos P.", "year": "2004", "journal-title": "Nat. Biotechnol."}, {"key": "ac050035nb00005/ac050035nb00005_1", "first-page": "46", "volume": "21", "author": "Wu X.", "year": "2003", "journal-title": "Nat. Biotechnol."}, {"key": "ac050035nb00006/ac050035nb00006_1", "doi-asserted-by": "crossref", "first-page": "1762", "DOI": "10.1126/science.1077194", "volume": "298", "author": "Dubertret B.", "year": "2002", "journal-title": "Science"}, {"key": "ac050035nb00007/ac050035nb00007_1", "doi-asserted-by": "crossref", "first-page": "6123", "DOI": "10.1021/ja031691c", "volume": "126", "author": "Pinaud F.", "year": "2004", "journal-title": "J. Am. Chem. Soc."}, {"key": "ac050035nb00008/ac050035nb00008_1", "doi-asserted-by": "crossref", "first-page": "804", "DOI": "10.1038/383802a0", "volume": "383", "author": "Nirmal M.", "year": "1996", "journal-title": "Nature"}, {"key": "ac050035nb00009/ac050035nb00009_1", "doi-asserted-by": "crossref", "first-page": "1325", "DOI": "10.1021/ja039686w", "volume": "126", "author": "Hohng S.", "year": "2004", "journal-title": "J. Am. Chem. Soc."}, {"key": "ac050035nb00010/ac050035nb00010_1", "doi-asserted-by": "crossref", "first-page": "3120", "DOI": "10.1063/1.480896", "volume": "112", "author": "Kuno M.", "year": "2000", "journal-title": "J. Chem. Phys."}, {"key": "ac050035nb00011/ac050035nb00011_1", "first-page": "U5398", "volume": "6320", "author": "Shimizu K. T.", "year": "2001", "journal-title": "Phys. Rev. B"}, {"key": "ac050035nb00012/ac050035nb00012_1", "doi-asserted-by": "crossref", "first-page": "4033", "DOI": "10.1063/1.1482785", "volume": "80", "author": "Ebenstein Y.", "year": "2002", "journal-title": "Appl, Phys, Lett."}, {"key": "ac050035nb00013/ac050035nb00013_1", "first-page": "3135", "volume": "86", "author": "Hess B. C.", "year": "2001", "journal-title": "Phys, Rev, Lett."}, {"key": "ac050035nb00014/ac050035nb00014_1", "first-page": "1674", "volume": "109", "author": "Tsay J. M.", "year": "2005", "journal-title": "J. Phys. Chem. B"}, {"key": "ac050035nb00015/ac050035nb00015_1", "doi-asserted-by": "crossref", "first-page": "12142", "DOI": "10.1021/jp001771s", "volume": "104", "author": "Cordero S. R.", "year": "2000", "journal-title": "J. Phys. Chem. B"}, {"key": "ac050035nb00016/ac050035nb00016_1", "doi-asserted-by": "crossref", "first-page": "137401", "DOI": "10.1103/PhysRevLett.88.137401", "volume": "88", "author": "Schlegel G.", "year": "2002", "journal-title": "Phys. Rev. Lett."}, {"key": "ac050035nb00017/ac050035nb00017_1", "doi-asserted-by": "crossref", "first-page": "148", "DOI": "10.1021/jp035756+", "volume": "108", "author": "Fisher B. R.", "year": "2004", "journal-title": "J. Phys. Chem. B"}, {"key": "ac050035nb00018/ac050035nb00018_1", "doi-asserted-by": "crossref", "first-page": "61", "DOI": "10.1002/bip.1974.360130103", "volume": "13", "author": "Magde D.", "year": "1974", "journal-title": "Biopolymers"}, {"key": "ac050035nb00019/ac050035nb00019_1", "doi-asserted-by": "crossref", "first-page": "175", "DOI": "10.1007/BF00185777", "volume": "22", "author": "Rigler R.", "year": "1993", "journal-title": "Eur. Biophys. J."}, {"key": "ac050035nb00020/ac050035nb00020_1", "doi-asserted-by": "crossref", "volume-title": "Fluorescence Correlation Spectroscopy:\u2009 Theory and Applications", "author": "Rigler R.", "year": "2001", "edition": "1", "DOI": "10.1007/978-3-642-59542-4"}, {"key": "ac050035nb00021/ac050035nb00021_1", "first-page": "705", "volume": "41", "author": "Hess S. T.", "year": "2002", "journal-title": "Biochemistry"}, {"key": "ac050035nb00022/ac050035nb00022_1", "doi-asserted-by": "crossref", "first-page": "297", "DOI": "10.1088/0034-4885/65/2/203", "volume": "65", "author": "Krichevsky O.", "year": "2002", "journal-title": "Rep. Prog. Phys."}, {"key": "ac050035nb00023/ac050035nb00023_1", "doi-asserted-by": "crossref", "first-page": "85", "DOI": "10.1016/S1046-2023(02)00291-8", "volume": "29", "author": "Bacia K.", "year": "2003", "journal-title": "Methods"}, {"key": "ac050035nb00024/ac050035nb00024_1", "first-page": "1436", "volume": "300", "author": "Larson D. R.", "year": "2003", "journal-title": "Science"}, {"key": "ac050035nb00025/ac050035nb00025_1", "doi-asserted-by": "crossref", "first-page": "161", "DOI": "10.2174/1389201043377020", "volume": "5", "author": "Enderlein J.", "year": "2004", "journal-title": "Curr. Pharm. Biotechnol."}, {"key": "ac050035nb00026/ac050035nb00026_1", "first-page": "6513", "volume": "118", "author": "Chiu D. T.", "year": "1996", "journal-title": "J. Am. Chem. Soc."}, {"key": "ac050035nb00027/ac050035nb00027_1", "doi-asserted-by": "crossref", "first-page": "2519", "DOI": "10.1021/jp013087z", "volume": "106", "author": "Chirico G.", "year": "2002", "journal-title": "J. Phys. Chem. B"}, {"key": "ac050035nb00028/ac050035nb00028_1", "doi-asserted-by": "crossref", "first-page": "3167", "DOI": "10.1021/jp9715078", "volume": "102", "author": "Osborne M. A.", "year": "1998", "journal-title": "J. Phys. Chem. B"}, {"key": "ac050035nb00029/ac050035nb00029_1", "doi-asserted-by": "crossref", "first-page": "8941", "DOI": "10.1073/pnas.0401690101", "volume": "101", "author": "Kapanidis A. N.", "year": "2004", "journal-title": "Proc. Natl. Acad. Sci. U.S.A."}, {"key": "ac050035nb00030/ac050035nb00030_1", "doi-asserted-by": "crossref", "first-page": "13379", "DOI": "10.1021/j100036a009", "volume": "99", "author": "Widengren J.", "year": "1995", "journal-title": "J. Phys. Chem."}, {"key": "ac050035nb00031/ac050035nb00031_1", "doi-asserted-by": "crossref", "first-page": "229", "DOI": "10.1364/OL.11.000288", "volume": "11", "author": "Ashkin A.", "year": "1986", "journal-title": "Opt. Lett."}, {"key": "ac050035nb00032/ac050035nb00032_1", "doi-asserted-by": "crossref", "first-page": "827", "DOI": "10.1364/OL.26.000825", "volume": "26", "author": "Dahan M.", "year": "2001", "journal-title": "Opt. Lett."}, {"key": "ac050035nb00033/ac050035nb00033_1", "first-page": "560", "volume": "17", "author": "Einstein A.", "year": "1905", "journal-title": "Ann, Phys"}], "container-title": ["Analytical Chemistry"], "original-title": [], "language": "en", "link": [{"URL": "https://pubs.acs.org/doi/pdf/10.1021/ac050035n", "content-type": "unspecified", "content-version": "vor", "intended-application": "similarity-checking"}], "deposited": {"date-parts": [[2021, 8, 1]], "date-time": "2021-08-01T20:31:03Z", "timestamp": 1627849863000}, "score": 1, "resource": {"primary": {"URL": "https://pubs.acs.org/doi/10.1021/ac050035n"}}, "subtitle": [], "short-title": [], "issued": {"date-parts": [[2005, 3, 4]]}, "references-count": 33, "journal-issue": {"issue": "7", "published-print": {"date-parts": [[2005, 4, 1]]}}, "alternative-id": ["10.1021/ac050035n"], "URL": "http://dx.doi.org/10.1021/ac050035n", "relation": {}, "ISSN": ["0003-2700", "1520-6882"], "issn-type": [{"value": "0003-2700", "type": "print"}, {"value": "1520-6882", "type": "electronic"}], "subject": ["Analytical Chemistry"], "published": {"date-parts": [[2005, 3, 4]]}}